{"precision": 0.7834061135371179, "recall": 0.6348195329087049, "fbeta": 0.7013291634089132, "accuracy": 0.8619942196531792}